chrom,start,end,gene,mean_coverage,mixture,batch
MN908947.3,21563,25384,S,868.55,0adgio1o2o3o4o5,illumina_ss: wb
MN908947.3,21563,25384,S,4004.43,0adgio1,illumina_ss: wb
MN908947.3,21563,25384,S,3698.06,o2o3o4o5,illumina_ss: wb
MN908947.3,21563,25384,S,3160.79,0agio1o2,illumina_ss: wb
MN908947.3,21563,25384,S,1694.79,0o5o3o4,illumina_ss: wb
MN908947.3,21563,25384,S,4486.99,adgio1o2o3,illumina_ss: wb
MN908947.3,21563,25384,S,5013.71,agio3o4o5,illumina_ss: wb
MN908947.3,21563,25384,S,4151.44,o1o2o3o4o5,illumina_ss: wb
MN908947.3,21563,25384,S,2666.69,0,illumina_ss: wb
MN908947.3,21563,25384,S,3369.7,o1o2,illumina_ss: wb
MN908947.3,21563,25384,S,2750.77,o3,illumina_ss: wb
MN908947.3,21563,25384,S,3392.27,o5,illumina_ss: wb
MN908947.3,21563,25384,S,1610.98,o4,illumina_ss: wb
MN908947.3,21563,25384,S,4336.13,0-2,illumina_ss: wb
MN908947.3,21563,25384,S,3030.95,a,illumina_ss: wb
MN908947.3,21563,25384,S,936.93,g,illumina_ss: wb
MN908947.3,21563,25384,S,2392.79,i,illumina_ss: wb
MN908947.3,21563,25384,S,2683.27,d,illumina_ss: wb
MN908947.3,21563,25384,S,1937.88,0-3,illumina_ss: wb
MN908947.3,21563,25384,S,3227.67,o3-2,illumina_ss: wb
MN908947.3,21563,25384,S,2208.29,o5-2,illumina_ss: wb
MN908947.3,21563,25384,S,3535.93,o5-3,illumina_ss: wb
MN908947.3,21563,25384,S,4131.95,o4-2,illumina_ss: wb
MN908947.3,21563,25384,S,3768.25,o4-3,illumina_ss: wb
MN908947.3,21563,25384,S,2131.9,o2-2,illumina_ss: wb
MN908947.3,21563,25384,S,3625.49,o2o3o4o5-2,illumina_ss: wb
MN908947.3,21563,25384,S,2985.33,o2o3o4o5-3,illumina_ss: wb
MN908947.3,21563,25384,S,2707.23,0adgio1-2,illumina_ss: wb
MN908947.3,21563,25384,S,4001.57,0aio1o2o3o4o5,illumina_ss: wb
MN908947.3,21563,25384,S,2985.51,0-4,illumina_ss: wb
MN908947.3,21563,25384,S,3989.41,a-2,illumina_ss: wb
MN908947.3,21563,25384,S,1267.48,g-2,illumina_ss: wb
MN908947.3,21563,25384,S,3485.22,i-2,illumina_ss: wb
MN908947.3,21563,25384,S,2888.34,d-2,illumina_ss: wb
MN908947.3,21563,25384,S,748.75,o1-2,illumina_ss: wb
MN908947.3,21563,25384,S,1871.48,o2-3,illumina_ss: wb
MN908947.3,21563,25384,S,3814.06,o3-4,illumina_ss: wb
MN908947.3,21563,25384,S,1411.79,0adgio1o2o3o4o5,illumina_ss: nwrb
MN908947.3,21563,25384,S,1219.92,0adgio1,illumina_ss: nwrb
MN908947.3,21563,25384,S,685.31,o2o3o4o5,illumina_ss: nwrb
MN908947.3,21563,25384,S,1567.7,0agio1o2,illumina_ss: nwrb
MN908947.3,21563,25384,S,1180.43,0o5o3o4,illumina_ss: nwrb
MN908947.3,21563,25384,S,1812.32,adgio1o2o3,illumina_ss: nwrb
MN908947.3,21563,25384,S,3368.83,agio3o4o5,illumina_ss: nwrb
MN908947.3,21563,25384,S,2497.88,o1o2o3o4o5,illumina_ss: nwrb
MN908947.3,21563,25384,S,2359.93,0,illumina_ss: nwrb
MN908947.3,21563,25384,S,1101.25,o1o2,illumina_ss: nwrb
MN908947.3,21563,25384,S,933.62,o3,illumina_ss: nwrb
MN908947.3,21563,25384,S,2020.19,o5,illumina_ss: nwrb
MN908947.3,21563,25384,S,929.44,o4,illumina_ss: nwrb
MN908947.3,21563,25384,S,1974.7,0-2,illumina_ss: nwrb
MN908947.3,21563,25384,S,1814.01,a,illumina_ss: nwrb
MN908947.3,21563,25384,S,1396.5,g,illumina_ss: nwrb
MN908947.3,21563,25384,S,1018.52,i,illumina_ss: nwrb
MN908947.3,21563,25384,S,618.67,d,illumina_ss: nwrb
MN908947.3,21563,25384,S,362.28,0-3,illumina_ss: nwrb
MN908947.3,21563,25384,S,2219.55,o3-2,illumina_ss: nwrb
MN908947.3,21563,25384,S,1083.39,o5-2,illumina_ss: nwrb
MN908947.3,21563,25384,S,553.69,o5-3,illumina_ss: nwrb
MN908947.3,21563,25384,S,2452.52,o4-2,illumina_ss: nwrb
MN908947.3,21563,25384,S,1349.49,o4-3,illumina_ss: nwrb
MN908947.3,21563,25384,S,1236.29,o2-2,illumina_ss: nwrb
MN908947.3,21563,25384,S,2392.51,o2o3o4o5-2,illumina_ss: nwrb
MN908947.3,21563,25384,S,1582.59,o2o3o4o5-3,illumina_ss: nwrb
MN908947.3,21563,25384,S,1868.73,0adgio1-2,illumina_ss: nwrb
MN908947.3,21563,25384,S,3778.43,0aio1o2o3o4o5,illumina_ss: nwrb
MN908947.3,21563,25384,S,887.79,0-4,illumina_ss: nwrb
MN908947.3,21563,25384,S,2428.89,a-2,illumina_ss: nwrb
MN908947.3,21563,25384,S,499.38,g-2,illumina_ss: nwrb
MN908947.3,21563,25384,S,1884.38,i-2,illumina_ss: nwrb
MN908947.3,21563,25384,S,2416.78,d-2,illumina_ss: nwrb
MN908947.3,21563,25384,S,457.87,o1-2,illumina_ss: nwrb
MN908947.3,21563,25384,S,1952.71,o2-3,illumina_ss: nwrb
MN908947.3,21563,25384,S,1767.95,o3-4,illumina_ss: nwrb
MN908947.3,21563,25384,S,3001.92,0adgio1o2o3o4o5,illumina_ss: pwrb
MN908947.3,21563,25384,S,1895.67,0adgio1,illumina_ss: pwrb
MN908947.3,21563,25384,S,3577.47,o2o3o4o5,illumina_ss: pwrb
MN908947.3,21563,25384,S,3226.63,0agio1o2,illumina_ss: pwrb
MN908947.3,21563,25384,S,2868.99,0o5o3o4,illumina_ss: pwrb
MN908947.3,21563,25384,S,5556.19,adgio1o2o3,illumina_ss: pwrb
MN908947.3,21563,25384,S,7135.16,agio3o4o5,illumina_ss: pwrb
MN908947.3,21563,25384,S,6785.38,o1o2o3o4o5,illumina_ss: pwrb
MN908947.3,21563,25384,S,2331.96,0,illumina_ss: pwrb
MN908947.3,21563,25384,S,654.43,o1o2,illumina_ss: pwrb
MN908947.3,21563,25384,S,4744.77,o3,illumina_ss: pwrb
MN908947.3,21563,25384,S,4282.41,o5,illumina_ss: pwrb
MN908947.3,21563,25384,S,3121.72,o4,illumina_ss: pwrb
MN908947.3,21563,25384,S,4437.4,0-2,illumina_ss: pwrb
MN908947.3,21563,25384,S,2692.56,a,illumina_ss: pwrb
MN908947.3,21563,25384,S,2076.9,g,illumina_ss: pwrb
MN908947.3,21563,25384,S,3468.02,i,illumina_ss: pwrb
MN908947.3,21563,25384,S,1844.17,d,illumina_ss: pwrb
MN908947.3,21563,25384,S,2512.46,0-3,illumina_ss: pwrb
MN908947.3,21563,25384,S,3879.67,o3-2,illumina_ss: pwrb
MN908947.3,21563,25384,S,2004.13,o5-2,illumina_ss: pwrb
MN908947.3,21563,25384,S,2227.86,o5-3,illumina_ss: pwrb
MN908947.3,21563,25384,S,5765.39,o4-2,illumina_ss: pwrb
MN908947.3,21563,25384,S,3940.29,o4-3,illumina_ss: pwrb
MN908947.3,21563,25384,S,4318.84,o2-2,illumina_ss: pwrb
MN908947.3,21563,25384,S,4101.1,o2o3o4o5-2,illumina_ss: pwrb
MN908947.3,21563,25384,S,2833.61,o2o3o4o5-3,illumina_ss: pwrb
MN908947.3,21563,25384,S,5042.89,0adgio1-2,illumina_ss: pwrb
MN908947.3,21563,25384,S,5912.28,0aio1o2o3o4o5,illumina_ss: pwrb
MN908947.3,21563,25384,S,1391.2,0-4,illumina_ss: pwrb
MN908947.3,21563,25384,S,6318.75,a-2,illumina_ss: pwrb
MN908947.3,21563,25384,S,2158.92,g-2,illumina_ss: pwrb
MN908947.3,21563,25384,S,3608.14,i-2,illumina_ss: pwrb
MN908947.3,21563,25384,S,3926.83,d-2,illumina_ss: pwrb
MN908947.3,21563,25384,S,2404.43,o1-2,illumina_ss: pwrb
MN908947.3,21563,25384,S,3833.48,o2-3,illumina_ss: pwrb
MN908947.3,21563,25384,S,4442.1,o3-4,illumina_ss: pwrb
MN908947.3,21563,25384,S,2.02,0adgio1o2o3o4o5,illumina_minimap2: wb
MN908947.3,21563,25384,S,6006.7,0adgio1,illumina_minimap2: wb
MN908947.3,21563,25384,S,100.11,o2o3o4o5,illumina_minimap2: wb
MN908947.3,21563,25384,S,3382.63,0agio1o2,illumina_minimap2: wb
MN908947.3,21563,25384,S,4334.53,0o5o3o4,illumina_minimap2: wb
MN908947.3,21563,25384,S,8273.12,adgio1o2o3,illumina_minimap2: wb
MN908947.3,21563,25384,S,5804.83,agio3o4o5,illumina_minimap2: wb
MN908947.3,21563,25384,S,5220.21,o1o2o3o4o5,illumina_minimap2: wb
MN908947.3,21563,25384,S,645.29,0,illumina_minimap2: wb
MN908947.3,21563,25384,S,1819.48,o1o2,illumina_minimap2: wb
MN908947.3,21563,25384,S,1671.44,o3,illumina_minimap2: wb
MN908947.3,21563,25384,S,5422.65,o5,illumina_minimap2: wb
MN908947.3,21563,25384,S,1939.95,o4,illumina_minimap2: wb
MN908947.3,21563,25384,S,6173.17,0-2,illumina_minimap2: wb
MN908947.3,21563,25384,S,1906.34,a,illumina_minimap2: wb
MN908947.3,21563,25384,S,1935.71,g,illumina_minimap2: wb
MN908947.3,21563,25384,S,507.65,i,illumina_minimap2: wb
MN908947.3,21563,25384,S,392.01,d,illumina_minimap2: wb
MN908947.3,21563,25384,S,0.0,0-3,illumina_minimap2: wb
MN908947.3,21563,25384,S,5067.12,o3-2,illumina_minimap2: wb
MN908947.3,21563,25384,S,730.13,o5-2,illumina_minimap2: wb
MN908947.3,21563,25384,S,3820.71,o5-3,illumina_minimap2: wb
MN908947.3,21563,25384,S,5401.03,o4-2,illumina_minimap2: wb
MN908947.3,21563,25384,S,3676.23,o4-3,illumina_minimap2: wb
MN908947.3,21563,25384,S,1823.3,o2-2,illumina_minimap2: wb
MN908947.3,21563,25384,S,10145.82,o2o3o4o5-2,illumina_minimap2: wb
MN908947.3,21563,25384,S,629.29,o2o3o4o5-3,illumina_minimap2: wb
MN908947.3,21563,25384,S,1397.38,0adgio1-2,illumina_minimap2: wb
MN908947.3,21563,25384,S,6469.38,0aio1o2o3o4o5,illumina_minimap2: wb
MN908947.3,21563,25384,S,595.8,0-4,illumina_minimap2: wb
MN908947.3,21563,25384,S,3119.12,a-2,illumina_minimap2: wb
MN908947.3,21563,25384,S,509.28,g-2,illumina_minimap2: wb
MN908947.3,21563,25384,S,488.0,i-2,illumina_minimap2: wb
MN908947.3,21563,25384,S,4614.7,d-2,illumina_minimap2: wb
MN908947.3,21563,25384,S,435.62,o1-2,illumina_minimap2: wb
MN908947.3,21563,25384,S,1412.32,o2-3,illumina_minimap2: wb
MN908947.3,21563,25384,S,4004.51,o3-4,illumina_minimap2: wb
MN908947.3,21563,25384,S,442.25,0adgio1o2o3o4o5,illumina_minimap2: nwrb
MN908947.3,21563,25384,S,714.79,0adgio1,illumina_minimap2: nwrb
MN908947.3,21563,25384,S,525.71,o2o3o4o5,illumina_minimap2: nwrb
MN908947.3,21563,25384,S,808.06,0agio1o2,illumina_minimap2: nwrb
MN908947.3,21563,25384,S,633.64,0o5o3o4,illumina_minimap2: nwrb
MN908947.3,21563,25384,S,1166.33,adgio1o2o3,illumina_minimap2: nwrb
MN908947.3,21563,25384,S,1821.62,agio3o4o5,illumina_minimap2: nwrb
MN908947.3,21563,25384,S,1144.79,o1o2o3o4o5,illumina_minimap2: nwrb
MN908947.3,21563,25384,S,1110.92,0,illumina_minimap2: nwrb
MN908947.3,21563,25384,S,573.86,o1o2,illumina_minimap2: nwrb
MN908947.3,21563,25384,S,513.99,o3,illumina_minimap2: nwrb
MN908947.3,21563,25384,S,1011.34,o5,illumina_minimap2: nwrb
MN908947.3,21563,25384,S,710.78,o4,illumina_minimap2: nwrb
MN908947.3,21563,25384,S,1319.69,0-2,illumina_minimap2: nwrb
MN908947.3,21563,25384,S,1025.45,a,illumina_minimap2: nwrb
MN908947.3,21563,25384,S,1068.5,g,illumina_minimap2: nwrb
MN908947.3,21563,25384,S,802.73,i,illumina_minimap2: nwrb
MN908947.3,21563,25384,S,437.03,d,illumina_minimap2: nwrb
MN908947.3,21563,25384,S,426.57,0-3,illumina_minimap2: nwrb
MN908947.3,21563,25384,S,986.63,o3-2,illumina_minimap2: nwrb
MN908947.3,21563,25384,S,693.8,o5-2,illumina_minimap2: nwrb
MN908947.3,21563,25384,S,424.5,o5-3,illumina_minimap2: nwrb
MN908947.3,21563,25384,S,1057.27,o4-2,illumina_minimap2: nwrb
MN908947.3,21563,25384,S,741.78,o4-3,illumina_minimap2: nwrb
MN908947.3,21563,25384,S,750.46,o2-2,illumina_minimap2: nwrb
MN908947.3,21563,25384,S,1189.35,o2o3o4o5-2,illumina_minimap2: nwrb
MN908947.3,21563,25384,S,926.45,o2o3o4o5-3,illumina_minimap2: nwrb
MN908947.3,21563,25384,S,844.92,0adgio1-2,illumina_minimap2: nwrb
MN908947.3,21563,25384,S,1919.2,0aio1o2o3o4o5,illumina_minimap2: nwrb
MN908947.3,21563,25384,S,742.16,0-4,illumina_minimap2: nwrb
MN908947.3,21563,25384,S,555.57,a-2,illumina_minimap2: nwrb
MN908947.3,21563,25384,S,720.75,g-2,illumina_minimap2: nwrb
MN908947.3,21563,25384,S,579.24,i-2,illumina_minimap2: nwrb
MN908947.3,21563,25384,S,579.63,d-2,illumina_minimap2: nwrb
MN908947.3,21563,25384,S,901.04,o1-2,illumina_minimap2: nwrb
MN908947.3,21563,25384,S,881.91,o2-3,illumina_minimap2: nwrb
MN908947.3,21563,25384,S,409.85,o3-4,illumina_minimap2: nwrb
MN908947.3,21563,25384,S,918.59,0adgio1o2o3o4o5,illumina_minimap2: pwrb
MN908947.3,21563,25384,S,1372.12,0adgio1,illumina_minimap2: pwrb
MN908947.3,21563,25384,S,1786.61,o2o3o4o5,illumina_minimap2: pwrb
MN908947.3,21563,25384,S,1970.92,0agio1o2,illumina_minimap2: pwrb
MN908947.3,21563,25384,S,994.44,0o5o3o4,illumina_minimap2: pwrb
MN908947.3,21563,25384,S,1579.37,adgio1o2o3,illumina_minimap2: pwrb
MN908947.3,21563,25384,S,2420.19,agio3o4o5,illumina_minimap2: pwrb
MN908947.3,21563,25384,S,1602.22,o1o2o3o4o5,illumina_minimap2: pwrb
MN908947.3,21563,25384,S,507.84,0,illumina_minimap2: pwrb
MN908947.3,21563,25384,S,1298.61,o1o2,illumina_minimap2: pwrb
MN908947.3,21563,25384,S,947.34,o3,illumina_minimap2: pwrb
MN908947.3,21563,25384,S,1088.05,o5,illumina_minimap2: pwrb
MN908947.3,21563,25384,S,1216.05,o4,illumina_minimap2: pwrb
MN908947.3,21563,25384,S,1266.77,0-2,illumina_minimap2: pwrb
MN908947.3,21563,25384,S,968.62,a,illumina_minimap2: pwrb
MN908947.3,21563,25384,S,1502.4,g,illumina_minimap2: pwrb
MN908947.3,21563,25384,S,1306.91,i,illumina_minimap2: pwrb
MN908947.3,21563,25384,S,1298.5,d,illumina_minimap2: pwrb
MN908947.3,21563,25384,S,886.01,0-3,illumina_minimap2: pwrb
MN908947.3,21563,25384,S,844.78,o3-2,illumina_minimap2: pwrb
MN908947.3,21563,25384,S,611.57,o5-2,illumina_minimap2: pwrb
MN908947.3,21563,25384,S,1126.97,o5-3,illumina_minimap2: pwrb
MN908947.3,21563,25384,S,712.1,o4-2,illumina_minimap2: pwrb
MN908947.3,21563,25384,S,675.64,o4-3,illumina_minimap2: pwrb
MN908947.3,21563,25384,S,1026.3,o2-2,illumina_minimap2: pwrb
MN908947.3,21563,25384,S,1244.8,o2o3o4o5-2,illumina_minimap2: pwrb
MN908947.3,21563,25384,S,1356.4,o2o3o4o5-3,illumina_minimap2: pwrb
MN908947.3,21563,25384,S,1372.96,0adgio1-2,illumina_minimap2: pwrb
MN908947.3,21563,25384,S,1040.48,0aio1o2o3o4o5,illumina_minimap2: pwrb
MN908947.3,21563,25384,S,873.9,0-4,illumina_minimap2: pwrb
MN908947.3,21563,25384,S,1287.55,a-2,illumina_minimap2: pwrb
MN908947.3,21563,25384,S,729.1,g-2,illumina_minimap2: pwrb
MN908947.3,21563,25384,S,1088.37,i-2,illumina_minimap2: pwrb
MN908947.3,21563,25384,S,832.89,d-2,illumina_minimap2: pwrb
MN908947.3,21563,25384,S,678.98,o1-2,illumina_minimap2: pwrb
MN908947.3,21563,25384,S,980.19,o2-3,illumina_minimap2: pwrb
MN908947.3,21563,25384,S,887.22,o3-4,illumina_minimap2: pwrb
MN908947.3,21563,25384,S,2.02,0adgio1o2o3o4o5,illumina_bwa: wb
MN908947.3,21563,25384,S,6011.56,0adgio1,illumina_bwa: wb
MN908947.3,21563,25384,S,100.19,o2o3o4o5,illumina_bwa: wb
MN908947.3,21563,25384,S,3388.69,0agio1o2,illumina_bwa: wb
MN908947.3,21563,25384,S,4349.12,0o5o3o4,illumina_bwa: wb
MN908947.3,21563,25384,S,8312.46,adgio1o2o3,illumina_bwa: wb
MN908947.3,21563,25384,S,5807.48,agio3o4o5,illumina_bwa: wb
MN908947.3,21563,25384,S,5235.74,o1o2o3o4o5,illumina_bwa: wb
MN908947.3,21563,25384,S,645.29,0,illumina_bwa: wb
MN908947.3,21563,25384,S,1836.59,o1o2,illumina_bwa: wb
MN908947.3,21563,25384,S,1676.13,o3,illumina_bwa: wb
MN908947.3,21563,25384,S,5434.71,o5,illumina_bwa: wb
MN908947.3,21563,25384,S,1946.02,o4,illumina_bwa: wb
MN908947.3,21563,25384,S,6173.22,0-2,illumina_bwa: wb
MN908947.3,21563,25384,S,1906.66,a,illumina_bwa: wb
MN908947.3,21563,25384,S,1938.07,g,illumina_bwa: wb
MN908947.3,21563,25384,S,507.65,i,illumina_bwa: wb
MN908947.3,21563,25384,S,392.58,d,illumina_bwa: wb
MN908947.3,21563,25384,S,0.0,0-3,illumina_bwa: wb
MN908947.3,21563,25384,S,5093.19,o3-2,illumina_bwa: wb
MN908947.3,21563,25384,S,729.42,o5-2,illumina_bwa: wb
MN908947.3,21563,25384,S,3839.07,o5-3,illumina_bwa: wb
MN908947.3,21563,25384,S,5405.3,o4-2,illumina_bwa: wb
MN908947.3,21563,25384,S,3682.22,o4-3,illumina_bwa: wb
MN908947.3,21563,25384,S,1842.86,o2-2,illumina_bwa: wb
MN908947.3,21563,25384,S,10192.81,o2o3o4o5-2,illumina_bwa: wb
MN908947.3,21563,25384,S,630.59,o2o3o4o5-3,illumina_bwa: wb
MN908947.3,21563,25384,S,1400.48,0adgio1-2,illumina_bwa: wb
MN908947.3,21563,25384,S,6484.8,0aio1o2o3o4o5,illumina_bwa: wb
MN908947.3,21563,25384,S,595.86,0-4,illumina_bwa: wb
MN908947.3,21563,25384,S,3121.67,a-2,illumina_bwa: wb
MN908947.3,21563,25384,S,512.91,g-2,illumina_bwa: wb
MN908947.3,21563,25384,S,488.22,i-2,illumina_bwa: wb
MN908947.3,21563,25384,S,4613.19,d-2,illumina_bwa: wb
MN908947.3,21563,25384,S,435.62,o1-2,illumina_bwa: wb
MN908947.3,21563,25384,S,1412.46,o2-3,illumina_bwa: wb
MN908947.3,21563,25384,S,4022.79,o3-4,illumina_bwa: wb
MN908947.3,21563,25384,S,442.89,0adgio1o2o3o4o5,illumina_bwa: nwrb
MN908947.3,21563,25384,S,714.82,0adgio1,illumina_bwa: nwrb
MN908947.3,21563,25384,S,528.07,o2o3o4o5,illumina_bwa: nwrb
MN908947.3,21563,25384,S,810.88,0agio1o2,illumina_bwa: nwrb
MN908947.3,21563,25384,S,634.12,0o5o3o4,illumina_bwa: nwrb
MN908947.3,21563,25384,S,1170.83,adgio1o2o3,illumina_bwa: nwrb
MN908947.3,21563,25384,S,1822.97,agio3o4o5,illumina_bwa: nwrb
MN908947.3,21563,25384,S,1148.62,o1o2o3o4o5,illumina_bwa: nwrb
MN908947.3,21563,25384,S,1110.6,0,illumina_bwa: nwrb
MN908947.3,21563,25384,S,576.98,o1o2,illumina_bwa: nwrb
MN908947.3,21563,25384,S,517.63,o3,illumina_bwa: nwrb
MN908947.3,21563,25384,S,1011.73,o5,illumina_bwa: nwrb
MN908947.3,21563,25384,S,711.23,o4,illumina_bwa: nwrb
MN908947.3,21563,25384,S,1319.6,0-2,illumina_bwa: nwrb
MN908947.3,21563,25384,S,1025.59,a,illumina_bwa: nwrb
MN908947.3,21563,25384,S,1068.54,g,illumina_bwa: nwrb
MN908947.3,21563,25384,S,802.79,i,illumina_bwa: nwrb
MN908947.3,21563,25384,S,437.05,d,illumina_bwa: nwrb
MN908947.3,21563,25384,S,426.62,0-3,illumina_bwa: nwrb
MN908947.3,21563,25384,S,993.44,o3-2,illumina_bwa: nwrb
MN908947.3,21563,25384,S,694.07,o5-2,illumina_bwa: nwrb
MN908947.3,21563,25384,S,424.81,o5-3,illumina_bwa: nwrb
MN908947.3,21563,25384,S,1057.54,o4-2,illumina_bwa: nwrb
MN908947.3,21563,25384,S,742.03,o4-3,illumina_bwa: nwrb
MN908947.3,21563,25384,S,754.0,o2-2,illumina_bwa: nwrb
MN908947.3,21563,25384,S,1192.97,o2o3o4o5-2,illumina_bwa: nwrb
MN908947.3,21563,25384,S,928.92,o2o3o4o5-3,illumina_bwa: nwrb
MN908947.3,21563,25384,S,845.27,0adgio1-2,illumina_bwa: nwrb
MN908947.3,21563,25384,S,1923.98,0aio1o2o3o4o5,illumina_bwa: nwrb
MN908947.3,21563,25384,S,743.02,0-4,illumina_bwa: nwrb
MN908947.3,21563,25384,S,555.53,a-2,illumina_bwa: nwrb
MN908947.3,21563,25384,S,720.89,g-2,illumina_bwa: nwrb
MN908947.3,21563,25384,S,579.34,i-2,illumina_bwa: nwrb
MN908947.3,21563,25384,S,582.62,d-2,illumina_bwa: nwrb
MN908947.3,21563,25384,S,901.12,o1-2,illumina_bwa: nwrb
MN908947.3,21563,25384,S,886.97,o2-3,illumina_bwa: nwrb
MN908947.3,21563,25384,S,412.99,o3-4,illumina_bwa: nwrb
MN908947.3,21563,25384,S,924.74,0adgio1o2o3o4o5,illumina_bwa: pwrb
MN908947.3,21563,25384,S,1373.74,0adgio1,illumina_bwa: pwrb
MN908947.3,21563,25384,S,1796.66,o2o3o4o5,illumina_bwa: pwrb
MN908947.3,21563,25384,S,1984.6,0agio1o2,illumina_bwa: pwrb
MN908947.3,21563,25384,S,999.33,0o5o3o4,illumina_bwa: pwrb
MN908947.3,21563,25384,S,1590.12,adgio1o2o3,illumina_bwa: pwrb
MN908947.3,21563,25384,S,2421.51,agio3o4o5,illumina_bwa: pwrb
MN908947.3,21563,25384,S,1617.65,o1o2o3o4o5,illumina_bwa: pwrb
MN908947.3,21563,25384,S,507.85,0,illumina_bwa: pwrb
MN908947.3,21563,25384,S,1308.87,o1o2,illumina_bwa: pwrb
MN908947.3,21563,25384,S,954.5,o3,illumina_bwa: pwrb
MN908947.3,21563,25384,S,1089.46,o5,illumina_bwa: pwrb
MN908947.3,21563,25384,S,1219.61,o4,illumina_bwa: pwrb
MN908947.3,21563,25384,S,1266.74,0-2,illumina_bwa: pwrb
MN908947.3,21563,25384,S,968.8,a,illumina_bwa: pwrb
MN908947.3,21563,25384,S,1503.32,g,illumina_bwa: pwrb
MN908947.3,21563,25384,S,1307.02,i,illumina_bwa: pwrb
MN908947.3,21563,25384,S,1298.38,d,illumina_bwa: pwrb
MN908947.3,21563,25384,S,884.74,0-3,illumina_bwa: pwrb
MN908947.3,21563,25384,S,849.92,o3-2,illumina_bwa: pwrb
MN908947.3,21563,25384,S,612.38,o5-2,illumina_bwa: pwrb
MN908947.3,21563,25384,S,1127.88,o5-3,illumina_bwa: pwrb
MN908947.3,21563,25384,S,712.31,o4-2,illumina_bwa: pwrb
MN908947.3,21563,25384,S,676.04,o4-3,illumina_bwa: pwrb
MN908947.3,21563,25384,S,1032.94,o2-2,illumina_bwa: pwrb
MN908947.3,21563,25384,S,1252.17,o2o3o4o5-2,illumina_bwa: pwrb
MN908947.3,21563,25384,S,1363.05,o2o3o4o5-3,illumina_bwa: pwrb
MN908947.3,21563,25384,S,1377.06,0adgio1-2,illumina_bwa: pwrb
MN908947.3,21563,25384,S,1044.22,0aio1o2o3o4o5,illumina_bwa: pwrb
MN908947.3,21563,25384,S,873.79,0-4,illumina_bwa: pwrb
MN908947.3,21563,25384,S,1287.64,a-2,illumina_bwa: pwrb
MN908947.3,21563,25384,S,729.18,g-2,illumina_bwa: pwrb
MN908947.3,21563,25384,S,1090.0,i-2,illumina_bwa: pwrb
MN908947.3,21563,25384,S,832.85,d-2,illumina_bwa: pwrb
MN908947.3,21563,25384,S,683.15,o1-2,illumina_bwa: pwrb
MN908947.3,21563,25384,S,982.76,o2-3,illumina_bwa: pwrb
MN908947.3,21563,25384,S,893.89,o3-4,illumina_bwa: pwrb
MN908947.3,21563,25384,S,282.88,0adgio1o2o3o4o5,cg: wb
MN908947.3,21563,25384,S,1190.25,0adgio1,cg: wb
MN908947.3,21563,25384,S,1126.31,o2o3o4o5,cg: wb
MN908947.3,21563,25384,S,762.02,0agio1o2,cg: wb
MN908947.3,21563,25384,S,459.16,0o5o3o4,cg: wb
MN908947.3,21563,25384,S,1728.91,adgio1o2o3,cg: wb
MN908947.3,21563,25384,S,1678.86,agio3o4o5,cg: wb
MN908947.3,21563,25384,S,1436.43,o1o2o3o4o5,cg: wb
MN908947.3,21563,25384,S,750.26,0,cg: wb
MN908947.3,21563,25384,S,973.56,o1o2,cg: wb
MN908947.3,21563,25384,S,804.66,o3,cg: wb
MN908947.3,21563,25384,S,1135.21,o5,cg: wb
MN908947.3,21563,25384,S,473.24,o4,cg: wb
MN908947.3,21563,25384,S,1342.96,0-2,cg: wb
MN908947.3,21563,25384,S,1146.46,a,cg: wb
MN908947.3,21563,25384,S,254.47,g,cg: wb
MN908947.3,21563,25384,S,747.5,i,cg: wb
MN908947.3,21563,25384,S,742.41,d,cg: wb
MN908947.3,21563,25384,S,606.86,0-3,cg: wb
MN908947.3,21563,25384,S,1019.99,o3-2,cg: wb
MN908947.3,21563,25384,S,705.59,o5-2,cg: wb
MN908947.3,21563,25384,S,1037.48,o5-3,cg: wb
MN908947.3,21563,25384,S,805.4,o4-2,cg: wb
MN908947.3,21563,25384,S,1239.48,o4-3,cg: wb
MN908947.3,21563,25384,S,668.55,o2-2,cg: wb
MN908947.3,21563,25384,S,1129.99,o2o3o4o5-2,cg: wb
MN908947.3,21563,25384,S,1014.61,o2o3o4o5-3,cg: wb
MN908947.3,21563,25384,S,775.03,0adgio1-2,cg: wb
MN908947.3,21563,25384,S,1250.81,0aio1o2o3o4o5,cg: wb
MN908947.3,21563,25384,S,1011.79,0-4,cg: wb
MN908947.3,21563,25384,S,1222.25,a-2,cg: wb
MN908947.3,21563,25384,S,438.0,g-2,cg: wb
MN908947.3,21563,25384,S,1067.74,i-2,cg: wb
MN908947.3,21563,25384,S,929.56,d-2,cg: wb
MN908947.3,21563,25384,S,225.45,o1-2,cg: wb
MN908947.3,21563,25384,S,626.49,o2-3,cg: wb
MN908947.3,21563,25384,S,1289.14,o3-4,cg: wb
MN908947.3,21563,25384,S,508.28,0adgio1o2o3o4o5,cg: nwrb
MN908947.3,21563,25384,S,393.41,0adgio1,cg: nwrb
MN908947.3,21563,25384,S,233.84,o2o3o4o5,cg: nwrb
MN908947.3,21563,25384,S,518.41,0agio1o2,cg: nwrb
MN908947.3,21563,25384,S,410.14,0o5o3o4,cg: nwrb
MN908947.3,21563,25384,S,623.22,adgio1o2o3,cg: nwrb
MN908947.3,21563,25384,S,1089.78,agio3o4o5,cg: nwrb
MN908947.3,21563,25384,S,833.75,o1o2o3o4o5,cg: nwrb
MN908947.3,21563,25384,S,736.47,0,cg: nwrb
MN908947.3,21563,25384,S,283.59,o1o2,cg: nwrb
MN908947.3,21563,25384,S,297.84,o3,cg: nwrb
MN908947.3,21563,25384,S,614.91,o5,cg: nwrb
MN908947.3,21563,25384,S,311.69,o4,cg: nwrb
MN908947.3,21563,25384,S,667.54,0-2,cg: nwrb
MN908947.3,21563,25384,S,546.45,a,cg: nwrb
MN908947.3,21563,25384,S,402.38,g,cg: nwrb
MN908947.3,21563,25384,S,355.78,i,cg: nwrb
MN908947.3,21563,25384,S,215.36,d,cg: nwrb
MN908947.3,21563,25384,S,99.31,0-3,cg: nwrb
MN908947.3,21563,25384,S,763.85,o3-2,cg: nwrb
MN908947.3,21563,25384,S,309.63,o5-2,cg: nwrb
MN908947.3,21563,25384,S,169.89,o5-3,cg: nwrb
MN908947.3,21563,25384,S,849.61,o4-2,cg: nwrb
MN908947.3,21563,25384,S,504.0,o4-3,cg: nwrb
MN908947.3,21563,25384,S,388.57,o2-2,cg: nwrb
MN908947.3,21563,25384,S,722.49,o2o3o4o5-2,cg: nwrb
MN908947.3,21563,25384,S,592.74,o2o3o4o5-3,cg: nwrb
MN908947.3,21563,25384,S,648.86,0adgio1-2,cg: nwrb
MN908947.3,21563,25384,S,927.43,0aio1o2o3o4o5,cg: nwrb
MN908947.3,21563,25384,S,251.77,0-4,cg: nwrb
MN908947.3,21563,25384,S,856.11,a-2,cg: nwrb
MN908947.3,21563,25384,S,161.84,g-2,cg: nwrb
MN908947.3,21563,25384,S,634.91,i-2,cg: nwrb
MN908947.3,21563,25384,S,775.62,d-2,cg: nwrb
MN908947.3,21563,25384,S,150.45,o1-2,cg: nwrb
MN908947.3,21563,25384,S,642.96,o2-3,cg: nwrb
MN908947.3,21563,25384,S,490.53,o3-4,cg: nwrb
MN908947.3,21563,25384,S,774.99,0adgio1o2o3o4o5,cg: pwrb
MN908947.3,21563,25384,S,549.56,0adgio1,cg: pwrb
MN908947.3,21563,25384,S,1075.42,o2o3o4o5,cg: pwrb
MN908947.3,21563,25384,S,849.95,0agio1o2,cg: pwrb
MN908947.3,21563,25384,S,813.84,0o5o3o4,cg: pwrb
MN908947.3,21563,25384,S,1434.54,adgio1o2o3,cg: pwrb
MN908947.3,21563,25384,S,2218.43,agio3o4o5,cg: pwrb
MN908947.3,21563,25384,S,1922.64,o1o2o3o4o5,cg: pwrb
MN908947.3,21563,25384,S,696.36,0,cg: pwrb
MN908947.3,21563,25384,S,164.88,o1o2,cg: pwrb
MN908947.3,21563,25384,S,1182.06,o3,cg: pwrb
MN908947.3,21563,25384,S,1177.16,o5,cg: pwrb
MN908947.3,21563,25384,S,877.28,o4,cg: pwrb
MN908947.3,21563,25384,S,1366.17,0-2,cg: pwrb
MN908947.3,21563,25384,S,669.24,a,cg: pwrb
MN908947.3,21563,25384,S,561.61,g,cg: pwrb
MN908947.3,21563,25384,S,950.49,i,cg: pwrb
MN908947.3,21563,25384,S,542.08,d,cg: pwrb
MN908947.3,21563,25384,S,700.4,0-3,cg: pwrb
MN908947.3,21563,25384,S,1115.4,o3-2,cg: pwrb
MN908947.3,21563,25384,S,595.74,o5-2,cg: pwrb
MN908947.3,21563,25384,S,666.1,o5-3,cg: pwrb
MN908947.3,21563,25384,S,1743.76,o4-2,cg: pwrb
MN908947.3,21563,25384,S,1049.27,o4-3,cg: pwrb
MN908947.3,21563,25384,S,1256.44,o2-2,cg: pwrb
MN908947.3,21563,25384,S,1119.35,o2o3o4o5-2,cg: pwrb
MN908947.3,21563,25384,S,822.13,o2o3o4o5-3,cg: pwrb
MN908947.3,21563,25384,S,974.31,0adgio1-2,cg: pwrb
MN908947.3,21563,25384,S,1781.18,0aio1o2o3o4o5,cg: pwrb
MN908947.3,21563,25384,S,408.89,0-4,cg: pwrb
MN908947.3,21563,25384,S,1704.14,a-2,cg: pwrb
MN908947.3,21563,25384,S,624.46,g-2,cg: pwrb
MN908947.3,21563,25384,S,1038.1,i-2,cg: pwrb
MN908947.3,21563,25384,S,1096.0,d-2,cg: pwrb
MN908947.3,21563,25384,S,637.06,o1-2,cg: pwrb
MN908947.3,21563,25384,S,1044.13,o2-3,cg: pwrb
MN908947.3,21563,25384,S,1208.76,o3-4,cg: pwrb
MN908947.3,21563,25384,S,8537.23,0adgio1o2o3o4o5,ont: wb
MN908947.3,21563,25384,S,8198.01,0adgio1,ont: wb
MN908947.3,21563,25384,S,7887.96,o2o3o4o5,ont: wb
MN908947.3,21563,25384,S,8681.83,0agio1o2,ont: wb
MN908947.3,21563,25384,S,11412.52,0o5o3o4,ont: wb
MN908947.3,21563,25384,S,10214.94,adgio1o2o3,ont: wb
MN908947.3,21563,25384,S,9867.09,agio3o4o5,ont: wb
MN908947.3,21563,25384,S,9579.34,o1o2o3o4o5,ont: wb
MN908947.3,21563,25384,S,9946.71,0,ont: wb
MN908947.3,21563,25384,S,7652.91,o1o2,ont: wb
MN908947.3,21563,25384,S,7152.71,o3,ont: wb
MN908947.3,21563,25384,S,6196.84,o5,ont: wb
MN908947.3,21563,25384,S,8295.1,o4,ont: wb
MN908947.3,21563,25384,S,11622.98,0-2,ont: wb
MN908947.3,21563,25384,S,8694.75,a,ont: wb
MN908947.3,21563,25384,S,10170.41,g,ont: wb
MN908947.3,21563,25384,S,10058.43,i,ont: wb
MN908947.3,21563,25384,S,10402.01,d,ont: wb
MN908947.3,21563,25384,S,12380.79,0-3,ont: wb
MN908947.3,21563,25384,S,9954.24,o3-2,ont: wb
MN908947.3,21563,25384,S,9621.33,o5-2,ont: wb
MN908947.3,21563,25384,S,7754.34,o5-3,ont: wb
MN908947.3,21563,25384,S,7793.38,o4-2,ont: wb
MN908947.3,21563,25384,S,9770.16,o4-3,ont: wb
MN908947.3,21563,25384,S,12194.52,o2-2,ont: wb
MN908947.3,21563,25384,S,7412.81,o2o3o4o5-2,ont: wb
MN908947.3,21563,25384,S,10077.57,o2o3o4o5-3,ont: wb
MN908947.3,21563,25384,S,7998.28,0adgio1-2,ont: wb
MN908947.3,21563,25384,S,10864.22,0aio1o2o3o4o5,ont: wb
MN908947.3,21563,25384,S,10233.8,0-4,ont: wb
MN908947.3,21563,25384,S,7514.37,a-2,ont: wb
MN908947.3,21563,25384,S,8480.47,g-2,ont: wb
MN908947.3,21563,25384,S,10758.98,i-2,ont: wb
MN908947.3,21563,25384,S,8497.52,d-2,ont: wb
MN908947.3,21563,25384,S,8846.2,o1-2,ont: wb
MN908947.3,21563,25384,S,7120.61,o2-3,ont: wb
MN908947.3,21563,25384,S,7505.27,o3-4,ont: wb
MN908947.3,21563,25384,S,4551.36,0adgio1o2o3o4o5,ont: nwrb
MN908947.3,21563,25384,S,4726.37,0adgio1,ont: nwrb
MN908947.3,21563,25384,S,3892.94,o2o3o4o5,ont: nwrb
MN908947.3,21563,25384,S,5697.0,0agio1o2,ont: nwrb
MN908947.3,21563,25384,S,6028.56,0o5o3o4,ont: nwrb
MN908947.3,21563,25384,S,6397.38,adgio1o2o3,ont: nwrb
MN908947.3,21563,25384,S,4703.89,agio3o4o5,ont: nwrb
MN908947.3,21563,25384,S,5221.47,o1o2o3o4o5,ont: nwrb
MN908947.3,21563,25384,S,5618.21,0,ont: nwrb
MN908947.3,21563,25384,S,4683.33,o1o2,ont: nwrb
MN908947.3,21563,25384,S,4129.2,o3,ont: nwrb
MN908947.3,21563,25384,S,4087.17,o5,ont: nwrb
MN908947.3,21563,25384,S,4916.48,o4,ont: nwrb
MN908947.3,21563,25384,S,5161.77,0-2,ont: nwrb
MN908947.3,21563,25384,S,4839.07,a,ont: nwrb
MN908947.3,21563,25384,S,4164.81,g,ont: nwrb
MN908947.3,21563,25384,S,5245.43,i,ont: nwrb
MN908947.3,21563,25384,S,4984.04,d,ont: nwrb
MN908947.3,21563,25384,S,5923.26,0-3,ont: nwrb
MN908947.3,21563,25384,S,4608.92,o3-2,ont: nwrb
MN908947.3,21563,25384,S,4352.84,o5-2,ont: nwrb
MN908947.3,21563,25384,S,4651.56,o5-3,ont: nwrb
MN908947.3,21563,25384,S,5303.31,o4-2,ont: nwrb
MN908947.3,21563,25384,S,4923.88,o4-3,ont: nwrb
MN908947.3,21563,25384,S,5034.78,o2-2,ont: nwrb
MN908947.3,21563,25384,S,5056.2,o2o3o4o5-2,ont: nwrb
MN908947.3,21563,25384,S,4866.49,o2o3o4o5-3,ont: nwrb
MN908947.3,21563,25384,S,5518.22,0adgio1-2,ont: nwrb
MN908947.3,21563,25384,S,5467.34,0aio1o2o3o4o5,ont: nwrb
MN908947.3,21563,25384,S,5327.58,0-4,ont: nwrb
MN908947.3,21563,25384,S,5470.85,a-2,ont: nwrb
MN908947.3,21563,25384,S,5337.73,g-2,ont: nwrb
MN908947.3,21563,25384,S,5755.67,i-2,ont: nwrb
MN908947.3,21563,25384,S,5718.98,d-2,ont: nwrb
MN908947.3,21563,25384,S,5492.11,o1-2,ont: nwrb
MN908947.3,21563,25384,S,4708.82,o2-3,ont: nwrb
MN908947.3,21563,25384,S,3948.42,o3-4,ont: nwrb
MN908947.3,21563,25384,S,8964.27,0adgio1o2o3o4o5,ont: pwrb
MN908947.3,21563,25384,S,9049.98,0adgio1,ont: pwrb
MN908947.3,21563,25384,S,8141.02,o2o3o4o5,ont: pwrb
MN908947.3,21563,25384,S,10212.95,0agio1o2,ont: pwrb
MN908947.3,21563,25384,S,10324.57,0o5o3o4,ont: pwrb
MN908947.3,21563,25384,S,9191.26,adgio1o2o3,ont: pwrb
MN908947.3,21563,25384,S,8761.03,agio3o4o5,ont: pwrb
MN908947.3,21563,25384,S,10116.91,o1o2o3o4o5,ont: pwrb
MN908947.3,21563,25384,S,16872.85,0,ont: pwrb
MN908947.3,21563,25384,S,11318.14,o1o2,ont: pwrb
MN908947.3,21563,25384,S,10128.9,o3,ont: pwrb
MN908947.3,21563,25384,S,8301.08,o5,ont: pwrb
MN908947.3,21563,25384,S,8957.6,o4,ont: pwrb
MN908947.3,21563,25384,S,9115.68,0-2,ont: pwrb
MN908947.3,21563,25384,S,10453.46,a,ont: pwrb
MN908947.3,21563,25384,S,8261.47,g,ont: pwrb
MN908947.3,21563,25384,S,10158.72,i,ont: pwrb
MN908947.3,21563,25384,S,9693.3,d,ont: pwrb
MN908947.3,21563,25384,S,9795.29,0-3,ont: pwrb
MN908947.3,21563,25384,S,7863.23,o3-2,ont: pwrb
MN908947.3,21563,25384,S,7897.66,o5-2,ont: pwrb
MN908947.3,21563,25384,S,6382.59,o5-3,ont: pwrb
MN908947.3,21563,25384,S,8316.42,o4-2,ont: pwrb
MN908947.3,21563,25384,S,11022.19,o4-3,ont: pwrb
MN908947.3,21563,25384,S,10049.81,o2-2,ont: pwrb
MN908947.3,21563,25384,S,9875.44,o2o3o4o5-2,ont: pwrb
MN908947.3,21563,25384,S,8317.02,o2o3o4o5-3,ont: pwrb
MN908947.3,21563,25384,S,8175.73,0adgio1-2,ont: pwrb
MN908947.3,21563,25384,S,9158.35,0aio1o2o3o4o5,ont: pwrb
MN908947.3,21563,25384,S,11357.08,0-4,ont: pwrb
MN908947.3,21563,25384,S,10002.41,a-2,ont: pwrb
MN908947.3,21563,25384,S,10874.1,g-2,ont: pwrb
MN908947.3,21563,25384,S,13902.6,i-2,ont: pwrb
MN908947.3,21563,25384,S,11807.37,d-2,ont: pwrb
MN908947.3,21563,25384,S,8707.17,o1-2,ont: pwrb
MN908947.3,21563,25384,S,8806.45,o2-3,ont: pwrb
MN908947.3,21563,25384,S,6316.93,o3-4,ont: pwrb
